CE No,Description,Value,Status
CE-10100,Relocate ups modules Hall 2,350000.0,Approved
CE-10101,Relocate ups modules Hall 2,80000.0,Approved
CE-10102,Add electrical power monitoring Hall 1,180000.0,Approved
CE-10200,Add busway Hall 3,40000.0,Approved
CE-10201,Revise electrical power monitoring Hall 2,260000.0,Approved
CE-10202,Revise ups modules Hall 3,350000.0,Approved
CE-10300,Add building management system Hall 2,60000.0,Approved
CE-10301,Revise electrical power monitoring Hall 1,350000.0,Approved
CE-10302,Revise busway Hall 3,270000.0,Approved
